{"cameraMode":{"drawMode":0,"name":"Shaded","section":"Shading Mode"},"sceneLighting":false,"audioPlay":false,"sceneViewState":{"m_AlwaysRefresh":false,"showFog":true,"showSkybox":false,"showFlares":true,"showImageEffects":true,"showParticleSystems":true,"showVisualEffectGraphs":true,"m_FxEnabled":true},"in2DMode":false,"pivot":{"x":0.17396771907806397,"y":1.1682381629943848,"z":0.21001315116882325},"rotation":{"x":-0.0892643928527832,"y":0.22711186110973359,"z":-0.02091025374829769,"w":-0.9695465564727783},"size":0.5180692672729492,"orthographic":false}